heylukejames, 0.939393939394
heylukejames, 0.939393939394
wlBenJahlZ, 0.776595744681
wlBenJahlZ, 0.776595744681
MackyGarcia_19, 0.691729323308
MackyGarcia_19, 0.691729323308
goldenstofmind, 0.616187989556
goldenstofmind, 0.616187989556
MyMindGonee, 0.602094240838
MyMindGonee, 0.602094240838
loz_dg, 0.601694915254
loz_dg, 0.601694915254
Ryankaluz, 0.597883597884
Ryankaluz, 0.597883597884
meresogari, 0.56330749354
meresogari, 0.56330749354
dannyplayer19, 0.558704453441
dannyplayer19, 0.558704453441
retaisback, 0.557416267943
retaisback, 0.557416267943
andrew_mcatee, 0.549019607843
andrew_mcatee, 0.549019607843
Cole_Dolan, 0.524553571429
Cole_Dolan, 0.524553571429
meridithbjr68, 0.522829006267
meridithbjr68, 0.522829006267
curryftklayq, 0.515418502203
curryftklayq, 0.515418502203
VictorChupov, 0.505836575875
VictorChupov, 0.505836575875
